{
	"config": {
		"LINUX": {
			"x64": {
				"originalJVM": "true",
				"javaFolder": "jre-17.0.9-linux-x64",
				"_comment": "File from the official site of Oracle. Check the hash (SHA), it's the same. Link: https://www.oracle.com/in/java/technologies/javase/javase8u211-later-archive-downloads.html",
				"url": [
					"http://res.tlauncher.org/b/client/jre/linux/jre-17.0.9-linux-x64.tar.gz",
					"http://res.tlauncher.org/unb/client/jre/linux/jre-17.0.9-linux-x64.tar.gz",
					"https://securerepository.net/update/downloads/jre/linux/jre-17.0.9-linux-x64.tar.gz"
				],
				"shaCode": "778c38fa6a378738badb4b44ae5792b75ac91076",
				"storagePath": "jre-17.0.9-linux-x64.tar.gz"
			}
		},
		"OSX": {
			"ARM": {
				"javaFolder": "jre-17.0.9-macOS-arm.jre",
				"_comment": "The macos version is not available on the official site in the archive, only the installer. Link: https://www.oracle.com/in/java/technologies/javase/javase8u211-later-archive-downloads.html",
				"url": [
					"http://res.tlauncher.org/b/client/jre/mac/jre-17.0.9-macOS-arm.jre.zip",
					"http://res.tlauncher.org/unb/client/jre/mac/jre-17.0.9-macOS-arm.jre.zip",
					"https://securerepository.net/update/downloads/jre/mac/jre-17.0.9-macOS-arm.jre.zip"
				],
				"shaCode": "a1b2edbc5f71dc8fd67fa64864ed7b7bf04709b2",
				"storagePath": "jre-17.0.9-macOS-arm.jre.zip"
			},
			"x64": {
				"javaFolder": "jre-17.0.9-macOS-x64.jre",
				"_comment": "The macos version is not available on the official site in the archive, only the installer. Link: https://www.oracle.com/in/java/technologies/javase/javase8u211-later-archive-downloads.html",
				"url": [
					"http://res.tlauncher.org/b/client/jre/mac/jre-17.0.9-macOS-x64.jre.zip",
					"http://res.tlauncher.org/unb/client/jre/mac/jre-17.0.9-macOS-x64.jre.zip",
					"https://securerepository.net/update/downloads/jre/mac/jre-17.0.9-macOS-x64.jre.zip"
				],
				"shaCode": "a0997e7185148b444092c81b25226c105263965c",
				"storagePath": "jre-17.0.9-macOS-x64.jre.zip"
			}
		},
		"WINDOWS": {
			"x64": {
				"originalJVM": "true",
				"javaFolder": "jre-17.0.9-windows-x64",
				"_comment": "File from the official site of Oracle. Check the hash (SHA), it's the same. Link: https://www.oracle.com/in/java/technologies/javase/javase8u211-later-archive-downloads.html",
				"url": [
					"http://res.tlauncher.org/b/client/jre/windows/jre-17.0.9-windows-x64.tar.gz",
					"http://res.tlauncher.org/unb/client/jre/windows/jre-17.0.9-windows-x64.tar.gz",
					"https://securerepository.net/update/downloads/jre/windows/jre-17.0.9-windows-x64.tar.gz"
				],
				"shaCode": "695218bf823da1ca3dc5b374cea954ff00c26d84",
				"storagePath": "jre-17.0.9-windows-x64.tar.gz"
			}
		}
	}
}
